nom_metier,besoin
nom_metier,besoin
nom_metier,besoin
nom_metier,besoin
nom_metier,besoin
nom_metier,besoin
nom_metier,besoin
nom_metier,besoin
nom_metier,besoin
nom_metier,besoin
nom_metier,besoin
nom_metier,besoin
nom_metier,besoin
nom_metier,besoin
nom_metier,besoin
nom_metier,besoin
nom_metier,besoin
nom_metier,besoin
nom_metier,besoin
nom_metier,besoin
nom_metier,besoin
nom_metier,besoin
nom_metier,besoin
nom_metier,besoin
nom_metier,besoin
nom_metier,besoin
nom_metier,besoin
nom_metier,besoin
nom_metier,besoin
nom_metier,besoin
nom_metier,besoin
nom_metier,besoin
nom_metier,besoin
nom_metier,besoin
nom_metier,besoin
nom_metier,besoin
nom_metier,besoin
nom_metier,besoin
nom_metier,besoin
nom_metier,besoin
nom_metier,besoin
nom_metier,besoin
nom_metier,besoin
nom_metier,besoin
nom_metier,besoin
nom_metier,besoin
nom_metier,besoin
nom_metier,besoin
nom_metier,besoin
nom_metier,besoin
nom_metier,besoin
nom_metier,besoin
nom_metier,besoin
nom_metier,besoin
nom_metier,besoin
nom_metier,besoin
nom_metier,besoin
nom_metier,besoin
nom_metier,besoin
nom_metier,besoin
nom_metier,besoin
nom_metier,besoin
nom_metier,besoin
nom_metier,besoin
nom_metier,besoin
nom_metier,besoin
nom_metier,besoin
nom_metier,besoin
nom_metier,besoin
nom_metier,besoin
nom_metier,besoin
nom_metier,besoin
nom_metier,besoin
nom_metier,besoin
nom_metier,besoin
nom_metier,besoin
nom_metier,besoin
nom_metier,besoin
nom_metier,besoin
nom_metier,besoin
nom_metier,besoin
nom_metier,besoin
nom_metier,besoin
nom_metier,besoin
nom_metier,besoin
nom_metier,besoin
nom_metier,besoin
nom_metier,besoin
nom_metier,besoin
nom_metier,besoin
nom_metier,besoin
nom_metier,besoin
nom_metier,besoin
nom_metier,besoin
nom_metier,besoin
nom_metier,besoin
nom_metier,besoin
nom_metier,besoin
nom_metier,besoin
nom_metier,besoin
nom_metier,besoin
nom_metier,besoin
nom_metier,besoin
nom_metier,besoin
nom_metier,besoin
nom_metier,besoin
nom_metier,besoin
nom_metier,besoin
nom_metier,besoin
nom_metier,besoin
nom_metier,besoin
nom_metier,besoin
nom_metier,besoin
nom_metier,besoin
nom_metier,besoin
nom_metier,besoin
nom_metier,besoin
nom_metier,besoin
nom_metier,besoin
nom_metier,besoin
nom_metier,besoin
nom_metier,besoin
nom_metier,besoin
nom_metier,besoin
nom_metier,besoin
nom_metier,besoin
nom_metier,besoin
nom_metier,besoin
nom_metier,besoin
nom_metier,besoin
nom_metier,besoin
nom_metier,besoin
nom_metier,besoin
nom_metier,besoin
nom_metier,besoin
nom_metier,besoin
nom_metier,besoin
nom_metier,besoin
nom_metier,besoin
nom_metier,besoin
nom_metier,besoin
nom_metier,besoin
nom_metier,besoin
nom_metier,besoin
nom_metier,besoin
nom_metier,besoin
nom_metier,besoin
nom_metier,besoin
nom_metier,besoin
nom_metier,besoin
nom_metier,besoin
nom_metier,besoin
nom_metier,besoin
nom_metier,besoin
nom_metier,besoin
nom_metier,besoin
nom_metier,besoin
nom_metier,besoin
nom_metier,besoin
nom_metier,besoin
nom_metier,besoin
nom_metier,besoin
nom_metier,besoin
nom_metier,besoin
nom_metier,besoin
nom_metier,besoin
nom_metier,besoin
nom_metier,besoin
nom_metier,besoin
nom_metier,besoin
nom_metier,besoin
nom_metier,besoin
nom_metier,besoin
nom_metier,besoin
nom_metier,besoin
nom_metier,besoin
nom_metier,besoin
nom_metier,besoin
nom_metier,besoin
nom_metier,besoin
nom_metier,besoin
nom_metier,besoin
nom_metier,besoin
nom_metier,besoin
nom_metier,besoin
nom_metier,besoin
nom_metier,besoin
nom_metier,besoin
nom_metier,besoin
nom_metier,besoin
nom_metier,besoin
nom_metier,besoin
nom_metier,besoin
nom_metier,besoin
nom_metier,besoin
nom_metier,besoin
nom_metier,besoin
